{
  "reports": [
    {
      "title": "علیAsdASD",
      "categoryID": 2,
      "pages": 30,
      "status": true,
      "content": "برنامه نویس و توسعه دهنده وب با بیش از 20 سال سابقه کار",
      "date": 1656835332353,
      "id": 2
    },
    {
      "title": "salam",
      "categoryID": 2,
      "pages": 20,
      "status": false,
      "content": "asdfsdf",
      "date": 1656843754757,
      "id": 3
    }
  ],
  "reportCategory": [
    {
      "id": 1,
      "name": "دروس تخصصی"
    },
    {
      "id": 2,
      "name": "دروس عملی"
    },
    {
      "id": 3,
      "name": "دروس عمومی"
    },
    {
      "id": 4,
      "name": "مطالعه آزاد"
    }
  ],
  "notes": []
}